date,Share Price
17/09/2007,4494.649902
18/09/2007,4546.200195
19/09/2007,4732.350098
20/09/2007,4747.549805
21/09/2007,4837.549805
24/09/2007,4932.200195
25/09/2007,4938.850098
26/09/2007,4940.5
27/09/2007,5000.549805
28/09/2007,5021.350098
01/10/2007,5068.950195
03/10/2007,5210.799805
04/10/2007,5208.649902
05/10/2007,5185.850098
08/10/2007,5085.100098
09/10/2007,5327.25
10/10/2007,5441.450195
11/10/2007,5524.850098
12/10/2007,5428.25
15/10/2007,5670.399902
16/10/2007,5668.049805
17/10/2007,5559.299805
18/10/2007,5351
19/10/2007,5215.299805
22/10/2007,5184
23/10/2007,5473.700195
24/10/2007,5496.149902
25/10/2007,5568.950195
26/10/2007,5702.299805
29/10/2007,5905.899902
30/10/2007,5868.75
31/10/2007,5900.649902
01/11/2007,5866.450195
02/11/2007,5932.399902
05/11/2007,5847.299805
06/11/2007,5786.5
07/11/2007,5782.350098
08/11/2007,5698.75
12/11/2007,5617.100098
13/11/2007,5695.399902
14/11/2007,5937.899902
15/11/2007,5912.100098
16/11/2007,5906.850098
19/11/2007,5907.649902
20/11/2007,5780.899902
21/11/2007,5561.049805
22/11/2007,5519.350098
23/11/2007,5608.600098
26/11/2007,5731.700195
27/11/2007,5698.149902
28/11/2007,5617.549805
29/11/2007,5634.600098
30/11/2007,5762.75
03/12/2007,5865
04/12/2007,5858.350098
05/12/2007,5940
06/12/2007,5954.700195
07/12/2007,5974.299805
10/12/2007,5960.600098
11/12/2007,6097.25
12/12/2007,6159.299805
13/12/2007,6058.100098
14/12/2007,6047.700195
17/12/2007,5777
18/12/2007,5742.299805
19/12/2007,5751.149902
20/12/2007,5766.5
24/12/2007,5985.100098
26/12/2007,6070.75
27/12/2007,6081.5
28/12/2007,6079.700195
31/12/2007,6138.600098
01/01/2008,6144.350098
02/01/2008,6179.399902
03/01/2008,6178.549805
04/01/2008,6274.299805
07/01/2008,6279.100098
08/01/2008,6287.850098
09/01/2008,6272
10/01/2008,6156.950195
11/01/2008,6200.100098
14/01/2008,6206.799805
15/01/2008,6074.25
16/01/2008,5935.75
17/01/2008,5913.200195
18/01/2008,5705.299805
21/01/2008,5208.799805
22/01/2008,4899.299805
23/01/2008,5203.399902
24/01/2008,5033.450195
25/01/2008,5383.350098
28/01/2008,5274.100098
29/01/2008,5280.799805
30/01/2008,5167.600098
31/01/2008,5137.450195
01/02/2008,5317.25
04/02/2008,5463.5
05/02/2008,5483.899902
06/02/2008,5322.549805
07/02/2008,5133.25
08/02/2008,5120.350098
11/02/2008,4857
12/02/2008,4838.25
13/02/2008,4929.450195
14/02/2008,5202
15/02/2008,5302.899902
18/02/2008,5276.899902
19/02/2008,5280.799805
20/02/2008,5154.450195
21/02/2008,5191.799805
22/02/2008,5110.75
25/02/2008,5200.700195
26/02/2008,5270.049805
27/02/2008,5268.399902
28/02/2008,5285.100098
29/02/2008,5223.5
03/03/2008,4953
04/03/2008,4864.25
05/03/2008,4921.399902
07/03/2008,4771.600098
10/03/2008,4800.399902
11/03/2008,4865.899902
12/03/2008,4872
13/03/2008,4623.600098
14/03/2008,4745.799805
17/03/2008,4503.100098
18/03/2008,4533
19/03/2008,4573.950195
24/03/2008,4609.850098
25/03/2008,4877.5
26/03/2008,4828.850098
27/03/2008,4830.25
28/03/2008,4942
31/03/2008,4734.5
01/04/2008,4739.549805
02/04/2008,4754.200195
03/04/2008,4771.600098
04/04/2008,4647
07/04/2008,4761.200195
08/04/2008,4709.649902
09/04/2008,4747.049805
10/04/2008,4733
11/04/2008,4777.799805
15/04/2008,4879.649902
16/04/2008,4887.299805
17/04/2008,4958.399902
21/04/2008,5037
22/04/2008,5049.299805
23/04/2008,5022.799805
24/04/2008,4999.850098
25/04/2008,5111.700195
28/04/2008,5089.649902
29/04/2008,5195.5
30/04/2008,5165.899902
02/05/2008,5228.200195
05/05/2008,5192.25
06/05/2008,5144.649902
07/05/2008,5135.5
08/05/2008,5081.700195
09/05/2008,4982.600098
12/05/2008,5012.649902
13/05/2008,4957.799805
14/05/2008,5011.75
15/05/2008,5115.25
16/05/2008,5157.700195
20/05/2008,5104.950195
21/05/2008,5117.649902
22/05/2008,5025.450195
23/05/2008,4946.549805
26/05/2008,4875.049805
27/05/2008,4859.799805
28/05/2008,4918.350098
29/05/2008,4835.299805
30/05/2008,4870.100098
02/06/2008,4739.600098
03/06/2008,4715.899902
04/06/2008,4585.600098
05/06/2008,4676.950195
06/06/2008,4627.799805
09/06/2008,4500.950195
10/06/2008,4449.799805
11/06/2008,4523.600098
12/06/2008,4539.350098
13/06/2008,4517.100098
16/06/2008,4572.5
17/06/2008,4653
18/06/2008,4582.399902
19/06/2008,4504.25
20/06/2008,4347.549805
23/06/2008,4266.399902
24/06/2008,4191.100098
25/06/2008,4252.649902
26/06/2008,4315.850098
27/06/2008,4136.649902
30/06/2008,4040.550049
01/07/2008,3896.75
02/07/2008,4093.350098
03/07/2008,3925.75
04/07/2008,4016
07/07/2008,4030
08/07/2008,3988.550049
09/07/2008,4157.100098
10/07/2008,4162.200195
11/07/2008,4049
14/07/2008,4039.699951
15/07/2008,3861.100098
16/07/2008,3816.699951
17/07/2008,3947.199951
18/07/2008,4092.25
21/07/2008,4159.5
22/07/2008,4240.100098
23/07/2008,4476.799805
24/07/2008,4433.549805
25/07/2008,4311.850098
28/07/2008,4332.100098
29/07/2008,4189.850098
30/07/2008,4313.549805
31/07/2008,4332.950195
01/08/2008,4413.549805
04/08/2008,4395.350098
05/08/2008,4502.850098
06/08/2008,4517.549805
07/08/2008,4523.850098
08/08/2008,4529.5
11/08/2008,4620.399902
12/08/2008,4552.25
13/08/2008,4529.049805
14/08/2008,4430.700195
18/08/2008,4393.049805
19/08/2008,4368.25
20/08/2008,4415.75
21/08/2008,4283.850098
22/08/2008,4327.450195
25/08/2008,4335.350098
26/08/2008,4337.5
27/08/2008,4292.100098
28/08/2008,4214
29/08/2008,4360
01/09/2008,4348.649902
02/09/2008,4504
04/09/2008,4447.75
05/09/2008,4352.299805
08/09/2008,4482.299805
09/09/2008,4468.700195
10/09/2008,4400.25
11/09/2008,4290.299805
12/09/2008,4228.450195
15/09/2008,4072.899902
16/09/2008,4074.899902
17/09/2008,4008.25
18/09/2008,4038.149902
19/09/2008,4245.25
22/09/2008,4223.049805
23/09/2008,4126.899902
24/09/2008,4161.25
25/09/2008,4110.549805
26/09/2008,3985.25
29/09/2008,3850.050049
30/09/2008,3921.199951
01/10/2008,3950.75
03/10/2008,3818.300049
06/10/2008,3602.350098
07/10/2008,3606.600098
08/10/2008,3513.649902
10/10/2008,3279.949951
13/10/2008,3490.699951
14/10/2008,3518.649902
15/10/2008,3338.399902
16/10/2008,3269.300049
17/10/2008,3074.350098
20/10/2008,3122.800049
21/10/2008,3234.899902
22/10/2008,3065.149902
23/10/2008,2943.149902
24/10/2008,2584
27/10/2008,2524.199951
29/10/2008,2697.050049
31/10/2008,2885.600098
03/11/2008,3043.850098
04/11/2008,3142.100098
05/11/2008,2994.949951
06/11/2008,2892.649902
07/11/2008,2973
10/11/2008,3148.25
11/11/2008,2938.649902
12/11/2008,2848.449951
14/11/2008,2810.350098
17/11/2008,2799.550049
18/11/2008,2683.149902
19/11/2008,2635
20/11/2008,2553.149902
21/11/2008,2693.449951
24/11/2008,2708.25
25/11/2008,2654
26/11/2008,2752.25
27/11/2008,null
28/11/2008,2755.100098
01/12/2008,2682.899902
02/12/2008,2657.800049
03/12/2008,2656.449951
04/12/2008,2788
05/12/2008,2714.399902
08/12/2008,2784
10/12/2008,2928.25
11/12/2008,2920.149902
12/12/2008,2921.350098
15/12/2008,2981.199951
16/12/2008,3041.75
17/12/2008,2954.350098
18/12/2008,3060.75
19/12/2008,3077.5
22/12/2008,3039.300049
23/12/2008,2968.649902
24/12/2008,2916.850098
26/12/2008,2857.25
29/12/2008,2922.199951
30/12/2008,2979.5
31/12/2008,2959.149902
02/01/2009,3046.75
05/01/2009,3121.449951
06/01/2009,3112.800049
07/01/2009,2920.399902
09/01/2009,2873
12/01/2009,2773.100098
13/01/2009,2744.949951
14/01/2009,2835.300049
15/01/2009,2736.699951
16/01/2009,2828.449951
19/01/2009,2846.199951
20/01/2009,2796.600098
21/01/2009,2706.149902
22/01/2009,2713.800049
23/01/2009,2678.550049
27/01/2009,2771.350098
28/01/2009,2849.5
29/01/2009,2823.949951
30/01/2009,2874.800049
02/02/2009,2766.649902
03/02/2009,2783.899902
04/02/2009,2803.050049
05/02/2009,2780.050049
06/02/2009,2843.100098
09/02/2009,2919.899902
10/02/2009,2934.5
11/02/2009,2925.699951
12/02/2009,2893.050049
13/02/2009,2948.350098
16/02/2009,2848.5
17/02/2009,2770.5
18/02/2009,2776.149902
19/02/2009,2789.350098
20/02/2009,2736.449951
24/02/2009,2733.899902
25/02/2009,2762.5
26/02/2009,2785.649902
27/02/2009,2763.649902
02/03/2009,2674.600098
03/03/2009,2622.399902
04/03/2009,2645.199951
05/03/2009,2576.699951
06/03/2009,2620.149902
09/03/2009,2573.149902
12/03/2009,2617.449951
13/03/2009,2719.25
16/03/2009,2777.25
17/03/2009,2757.449951
18/03/2009,2794.699951
19/03/2009,2807.149902
20/03/2009,2807.050049
23/03/2009,2939.899902
24/03/2009,2938.699951
25/03/2009,2984.350098
26/03/2009,3082.25
27/03/2009,3108.649902
30/03/2009,2978.149902
31/03/2009,3020.949951
01/04/2009,3060.350098
02/04/2009,3211.050049
06/04/2009,3256.600098
08/04/2009,3342.949951
09/04/2009,3342.050049
13/04/2009,3382.600098
15/04/2009,3484.149902
16/04/2009,3369.5
17/04/2009,3384.399902
20/04/2009,3377.100098
21/04/2009,3365.300049
22/04/2009,3330.300049
23/04/2009,3423.699951
24/04/2009,3480.75
27/04/2009,3470
28/04/2009,3362.350098
29/04/2009,3473.949951
30/04/2009,null
04/05/2009,3654
05/05/2009,3661.899902
06/05/2009,3625.050049
07/05/2009,3683.899902
08/05/2009,3620.699951
11/05/2009,3554.600098
12/05/2009,3681.100098
13/05/2009,3635.25
14/05/2009,3593.449951
15/05/2009,3671.649902
18/05/2009,4323.149902
19/05/2009,4318.450195
20/05/2009,4270.299805
21/05/2009,4210.899902
22/05/2009,4238.5
25/05/2009,4237.549805
26/05/2009,4116.700195
27/05/2009,4276.049805
28/05/2009,4337.100098
29/05/2009,4448.950195
01/06/2009,4529.899902
02/06/2009,4525.25
03/06/2009,4530.700195
04/06/2009,4572.649902
05/06/2009,4586.899902
08/06/2009,4429.899902
09/06/2009,4550.950195
10/06/2009,4655.25
11/06/2009,4637.700195
12/06/2009,4583.399902
15/06/2009,4484
16/06/2009,4517.799805
17/06/2009,4356.149902
18/06/2009,4251.399902
19/06/2009,4313.600098
22/06/2009,4235.25
23/06/2009,4247
24/06/2009,4292.950195
25/06/2009,4241.850098
26/06/2009,4375.5
29/06/2009,4390.950195
30/06/2009,4291.100098
01/07/2009,4340.899902
02/07/2009,4348.850098
03/07/2009,4424.25
06/07/2009,4165.700195
07/07/2009,4202.149902
08/07/2009,4078.899902
09/07/2009,4080.949951
10/07/2009,4003.899902
13/07/2009,3974.050049
14/07/2009,4111.399902
15/07/2009,4233.5
16/07/2009,4231.399902
17/07/2009,4374.950195
20/07/2009,4502.25
21/07/2009,4469.100098
22/07/2009,4398.899902
23/07/2009,4523.75
24/07/2009,4568.549805
27/07/2009,4572.299805
28/07/2009,4564.100098
29/07/2009,4513.5
30/07/2009,4571.450195
31/07/2009,4636.450195
03/08/2009,4711.399902
04/08/2009,4680.5
05/08/2009,4694.149902
06/08/2009,4585.5
07/08/2009,4481.399902
10/08/2009,4437.649902
11/08/2009,4471.350098
12/08/2009,4457.5
13/08/2009,4605
14/08/2009,4580.049805
17/08/2009,4387.899902
18/08/2009,4458.899902
19/08/2009,4394.100098
20/08/2009,4453.450195
21/08/2009,4528.799805
24/08/2009,4642.799805
25/08/2009,4659.350098
26/08/2009,4680.850098
27/08/2009,4688.200195
28/08/2009,4732.350098
31/08/2009,4662.100098
01/09/2009,4625.350098
02/09/2009,4608.350098
03/09/2009,4593.549805
04/09/2009,4680.399902
07/09/2009,4782.899902
08/09/2009,4805.25
09/09/2009,4814.25
10/09/2009,4819.399902
11/09/2009,4829.549805
14/09/2009,4808.600098
15/09/2009,4892.100098
16/09/2009,4958.399902
17/09/2009,4965.549805
18/09/2009,4976.049805
22/09/2009,5020.200195
23/09/2009,4969.950195
24/09/2009,4986.549805
25/09/2009,4958.950195
29/09/2009,5006.850098
30/09/2009,5083.950195
01/10/2009,5083.399902
05/10/2009,5003.200195
06/10/2009,5027.399902
07/10/2009,4985.75
08/10/2009,5002.25
09/10/2009,4945.200195
12/10/2009,5054.25
13/10/2009,null
14/10/2009,5118.200195
15/10/2009,5108.850098
16/10/2009,5142.149902
20/10/2009,5114.450195
21/10/2009,5063.600098
22/10/2009,4988.600098
23/10/2009,4997.049805
26/10/2009,4970.899902
27/10/2009,4846.700195
28/10/2009,4826.149902
29/10/2009,4750.549805
30/10/2009,4711.700195
03/11/2009,4563.899902
04/11/2009,4710.799805
05/11/2009,4765.549805
06/11/2009,4796.149902
09/11/2009,4898.399902
10/11/2009,4881.700195
11/11/2009,5003.950195
12/11/2009,4952.649902
13/11/2009,4998.950195
16/11/2009,5058.049805
17/11/2009,5062.25
18/11/2009,5054.700195
19/11/2009,4989
20/11/2009,5052.450195
23/11/2009,5103.549805
24/11/2009,5090.549805
25/11/2009,5108.149902
26/11/2009,5005.549805
27/11/2009,4941.75
30/11/2009,5032.700195
01/12/2009,5122
02/12/2009,5123.25
03/12/2009,5131.700195
04/12/2009,5108.899902
07/12/2009,5066.700195
08/12/2009,5147.950195
09/12/2009,5112
10/12/2009,5134.649902
11/12/2009,5117.299805
14/12/2009,5105.700195
15/12/2009,5033.049805
16/12/2009,5042.049805
17/12/2009,5041.75
18/12/2009,4987.700195
21/12/2009,4952.600098
22/12/2009,4985.850098
23/12/2009,5144.600098
24/12/2009,5178.399902
29/12/2009,5187.950195
30/12/2009,5169.450195
31/12/2009,5201.049805
04/01/2010,5232.200195
05/01/2010,5277.899902
06/01/2010,5281.799805
07/01/2010,5263.100098
08/01/2010,5244.75
11/01/2010,5249.399902
12/01/2010,5210.399902
13/01/2010,5233.950195
14/01/2010,5259.899902
15/01/2010,5252.200195
18/01/2010,5274.850098
19/01/2010,5225.649902
20/01/2010,5221.700195
21/01/2010,5094.149902
22/01/2010,5036
25/01/2010,5007.899902
27/01/2010,4853.100098
28/01/2010,4867.25
29/01/2010,4882.049805
01/02/2010,4899.700195
02/02/2010,4830.100098
03/02/2010,4931.850098
04/02/2010,4845.350098
05/02/2010,4718.649902
06/02/2010,null
08/02/2010,4760.399902
09/02/2010,4792.649902
10/02/2010,4757.200195
11/02/2010,4826.850098
15/02/2010,4801.950195
16/02/2010,4855.75
17/02/2010,4914
18/02/2010,4887.75
19/02/2010,4844.899902
22/02/2010,4856.399902
23/02/2010,4870.049805
24/02/2010,4858.600098
25/02/2010,4859.75
26/02/2010,4922.299805
02/03/2010,5017
03/03/2010,5088.100098
04/03/2010,5080.25
05/03/2010,5088.700195
08/03/2010,5124
09/03/2010,5101.5
10/03/2010,5116.25
11/03/2010,5133.399902
12/03/2010,5137
15/03/2010,5128.899902
16/03/2010,5198.100098
17/03/2010,5231.899902
18/03/2010,5245.899902
19/03/2010,5262.799805
22/03/2010,5205.200195
23/03/2010,5225.299805
25/03/2010,5260.399902
26/03/2010,5282
29/03/2010,5302.850098
30/03/2010,5262.450195
31/03/2010,5249.100098
01/04/2010,5290.5
05/04/2010,5368.399902
06/04/2010,5366
07/04/2010,5374.649902
08/04/2010,5304.450195
09/04/2010,5361.75
12/04/2010,5339.700195
13/04/2010,5322.950195
15/04/2010,5273.600098
16/04/2010,5262.600098
19/04/2010,5203.649902
20/04/2010,5230.100098
21/04/2010,5244.899902
22/04/2010,5269.350098
23/04/2010,5304.100098
26/04/2010,5322.450195
27/04/2010,5308.350098
28/04/2010,5215.450195
29/04/2010,5254.149902
30/04/2010,5278
03/05/2010,5222.75
04/05/2010,5148.5
05/05/2010,5124.899902
06/05/2010,5090.850098
07/05/2010,5018.049805
10/05/2010,5193.600098
11/05/2010,5136.149902
12/05/2010,5156.649902
13/05/2010,5178.899902
14/05/2010,5093.5
17/05/2010,5059.899902
18/05/2010,5066.200195
19/05/2010,4919.649902
20/05/2010,4947.600098
21/05/2010,4931.149902
24/05/2010,4943.950195
25/05/2010,4806.75
26/05/2010,4917.399902
27/05/2010,5003.100098
28/05/2010,5066.549805
31/05/2010,5086.299805
01/06/2010,4970.200195
02/06/2010,5019.850098
03/06/2010,5110.5
04/06/2010,5135.5
07/06/2010,5034
08/06/2010,4987.100098
09/06/2010,5000.299805
10/06/2010,5078.600098
11/06/2010,5119.350098
14/06/2010,5197.700195
15/06/2010,5222.350098
16/06/2010,5233.350098
17/06/2010,5274.850098
18/06/2010,5262.600098
21/06/2010,5353.299805
22/06/2010,5316.549805
23/06/2010,5323.149902
24/06/2010,5320.600098
25/06/2010,5269.049805
28/06/2010,5333.5
29/06/2010,5256.149902
30/06/2010,5312.5
01/07/2010,5251.399902
02/07/2010,5237.100098
05/07/2010,5235.899902
06/07/2010,5289.049805
07/07/2010,5241.100098
08/07/2010,5296.850098
09/07/2010,5352.450195
12/07/2010,5383
13/07/2010,5400.649902
14/07/2010,5386.149902
15/07/2010,5378.75
16/07/2010,5393.899902
19/07/2010,5386.450195
20/07/2010,5368
21/07/2010,5399.350098
22/07/2010,5441.950195
23/07/2010,5449.100098
26/07/2010,5418.600098
27/07/2010,5430.600098
28/07/2010,5397.549805
29/07/2010,5408.899902
30/07/2010,5367.600098
02/08/2010,5431.649902
03/08/2010,5439.549805
04/08/2010,5467.850098
05/08/2010,5447.100098
06/08/2010,5439.25
09/08/2010,5486.149902
10/08/2010,5460.700195
11/08/2010,5420.600098
12/08/2010,5416.450195
13/08/2010,5452.100098
16/08/2010,5418.299805
17/08/2010,5414.149902
18/08/2010,5479.149902
19/08/2010,5540.200195
20/08/2010,5530.649902
23/08/2010,5543.5
24/08/2010,5505.100098
25/08/2010,5462.350098
26/08/2010,5477.899902
27/08/2010,5408.700195
30/08/2010,5415.450195
31/08/2010,5402.399902
01/09/2010,5471.850098
02/09/2010,5486.149902
03/09/2010,5479.399902
06/09/2010,5576.950195
07/09/2010,5604
08/09/2010,5607.850098
09/09/2010,5640.049805
13/09/2010,5760
14/09/2010,5795.549805
15/09/2010,5860.950195
16/09/2010,5828.700195
17/09/2010,5884.950195
20/09/2010,5980.450195
21/09/2010,6009.049805
22/09/2010,5991
23/09/2010,5959.549805
24/09/2010,6018.299805
27/09/2010,6035.649902
28/09/2010,6029.5
29/09/2010,5991.299805
30/09/2010,6029.950195
01/10/2010,6143.399902
04/10/2010,6159.450195
05/10/2010,6145.799805
06/10/2010,6186.450195
07/10/2010,6120.299805
08/10/2010,6103.450195
11/10/2010,6135.850098
12/10/2010,6090.899902
13/10/2010,6233.899902
14/10/2010,6177.350098
15/10/2010,6062.649902
18/10/2010,6075.950195
19/10/2010,6027.299805
20/10/2010,5982.100098
21/10/2010,6101.5
22/10/2010,6066.049805
25/10/2010,6105.799805
26/10/2010,6082
27/10/2010,6012.649902
28/10/2010,5987.700195
29/10/2010,6017.700195
01/11/2010,6117.549805
02/11/2010,6119
03/11/2010,6160.5
04/11/2010,6281.799805
08/11/2010,6273.200195
09/11/2010,6301.549805
10/11/2010,6275.700195
11/11/2010,6194.25
12/11/2010,6071.649902
15/11/2010,6121.600098
16/11/2010,5988.700195
18/11/2010,5998.799805
19/11/2010,5890.299805
22/11/2010,6010
23/11/2010,5934.75
24/11/2010,5865.75
25/11/2010,5799.75
26/11/2010,5751.950195
29/11/2010,5830
30/11/2010,5862.700195
01/12/2010,5960.899902
02/12/2010,6011.700195
03/12/2010,5992.799805
06/12/2010,5992.25
07/12/2010,5976.549805
08/12/2010,5903.700195
09/12/2010,5766.5
10/12/2010,5857.350098
13/12/2010,5907.649902
14/12/2010,5944.100098
15/12/2010,5892.299805
16/12/2010,5948.75
20/12/2010,5947.049805
21/12/2010,6000.649902
22/12/2010,5984.399902
23/12/2010,5980
24/12/2010,6011.600098
27/12/2010,5998.100098
28/12/2010,5996
29/12/2010,6060.350098
30/12/2010,6101.850098
31/12/2010,6134.5
03/01/2011,6157.600098
04/01/2011,6146.350098
05/01/2011,6079.799805
06/01/2011,6048.25
07/01/2011,5904.600098
10/01/2011,5762.850098
11/01/2011,5754.100098
12/01/2011,5863.25
13/01/2011,5751.899902
14/01/2011,5654.549805
17/01/2011,5654.75
18/01/2011,5724.049805
19/01/2011,5691.049805
20/01/2011,5711.600098
21/01/2011,5696.5
24/01/2011,5743.25
25/01/2011,5687.399902
27/01/2011,5604.299805
28/01/2011,5512.149902
31/01/2011,5505.899902
01/02/2011,5417.200195
02/02/2011,5432
03/02/2011,5526.75
04/02/2011,5395.75
07/02/2011,5396
08/02/2011,5312.549805
09/02/2011,5253.549805
10/02/2011,5225.799805
11/02/2011,5310
14/02/2011,5456
15/02/2011,5481
16/02/2011,5481.700195
17/02/2011,5546.450195
18/02/2011,5458.950195
21/02/2011,5518.600098
22/02/2011,5469.200195
23/02/2011,5437.350098
24/02/2011,5262.700195
25/02/2011,5303.549805
28/02/2011,5333.25
01/03/2011,5522.299805
03/03/2011,5536.200195
04/03/2011,5538.75
07/03/2011,5463.149902
08/03/2011,5520.799805
09/03/2011,5531
10/03/2011,5494.399902
11/03/2011,5445.450195
14/03/2011,5531.5
15/03/2011,5449.649902
16/03/2011,5511.149902
17/03/2011,5446.649902
18/03/2011,5373.700195
21/03/2011,5364.75
22/03/2011,5413.850098
23/03/2011,5480.25
24/03/2011,5522.399902
25/03/2011,5654.25
28/03/2011,5687.25
29/03/2011,5736.350098
30/03/2011,5787.649902
31/03/2011,5833.75
01/04/2011,5826.049805
04/04/2011,5908.450195
05/04/2011,5910.049805
06/04/2011,5891.75
07/04/2011,5885.700195
08/04/2011,5842
11/04/2011,5785.700195
13/04/2011,5911.5
15/04/2011,5824.549805
18/04/2011,5729.100098
19/04/2011,5740.75
20/04/2011,5851.649902
21/04/2011,5884.700195
25/04/2011,5874.5
26/04/2011,5868.399902
27/04/2011,5833.899902
28/04/2011,5785.450195
29/04/2011,5749.5
02/05/2011,5701.299805
03/05/2011,5565.25
04/05/2011,5537.149902
05/05/2011,5459.850098
06/05/2011,5551.450195
09/05/2011,5551.100098
10/05/2011,5541.25
11/05/2011,5565.049805
12/05/2011,5486.149902
13/05/2011,5544.75
16/05/2011,5499
17/05/2011,5438.950195
18/05/2011,5420.600098
19/05/2011,5428.100098
20/05/2011,5486.350098
23/05/2011,5386.549805
24/05/2011,5394.850098
25/05/2011,5348.950195
26/05/2011,5412.350098
27/05/2011,5476.100098
30/05/2011,5473.100098
31/05/2011,null
01/06/2011,5592
02/06/2011,5550.350098
03/06/2011,5516.75
06/06/2011,5532.049805
07/06/2011,5556.149902
08/06/2011,5526.850098
09/06/2011,5521.049805
10/06/2011,5485.799805
13/06/2011,5482.799805
14/06/2011,5500.5
15/06/2011,5447.5
16/06/2011,5396.75
17/06/2011,5366.399902
20/06/2011,5257.899902
21/06/2011,5275.850098
22/06/2011,5278.299805
23/06/2011,5320
24/06/2011,5471.25
27/06/2011,5526.600098
28/06/2011,5545.299805
29/06/2011,5600.450195
30/06/2011,5647.399902
01/07/2011,5627.200195
04/07/2011,5650.5
05/07/2011,5632.100098
06/07/2011,5625.450195
07/07/2011,5728.950195
08/07/2011,5660.649902
11/07/2011,5616.100098
12/07/2011,5526.149902
13/07/2011,5585.450195
14/07/2011,5512.299805
15/07/2011,5581.100098
18/07/2011,5567.049805
19/07/2011,5613.549805
20/07/2011,5567.049805
21/07/2011,5541.600098
22/07/2011,5633.950195
25/07/2011,5680.299805
26/07/2011,5574.850098
27/07/2011,5546.799805
28/07/2011,5487.75
29/07/2011,5482
01/08/2011,5516.799805
02/08/2011,5456.549805
03/08/2011,5404.799805
04/08/2011,5331.799805
05/08/2011,5211.25
08/08/2011,5118.5
09/08/2011,5072.850098
10/08/2011,5161
11/08/2011,5138.299805
12/08/2011,5072.950195
16/08/2011,5035.799805
17/08/2011,5056.600098
18/08/2011,4944.149902
19/08/2011,4845.649902
22/08/2011,4898.799805
23/08/2011,4948.899902
24/08/2011,4888.899902
25/08/2011,4839.600098
26/08/2011,4747.799805
29/08/2011,4919.600098
30/08/2011,5001
02/09/2011,5040
05/09/2011,5017.200195
06/09/2011,5064.299805
07/09/2011,5124.649902
08/09/2011,5153.25
09/09/2011,5059.450195
12/09/2011,4946.799805
13/09/2011,4940.950195
14/09/2011,5012.549805
15/09/2011,5075.700195
16/09/2011,5084.25
19/09/2011,5031.950195
20/09/2011,5140.200195
21/09/2011,5133.25
22/09/2011,4923.649902
23/09/2011,4867.75
26/09/2011,4835.399902
27/09/2011,4971.25
28/09/2011,4945.899902
29/09/2011,5015.450195
30/09/2011,4943.25
03/10/2011,4849.5
04/10/2011,4772.149902
05/10/2011,4751.299805
07/10/2011,4888.049805
10/10/2011,4979.600098
11/10/2011,4974.350098
12/10/2011,5099.399902
13/10/2011,5077.850098
14/10/2011,5132.299805
17/10/2011,5118.25
18/10/2011,5037.5
19/10/2011,5139.149902
20/10/2011,5091.899902
21/10/2011,5049.950195
24/10/2011,5098.350098
25/10/2011,5191.600098
28/10/2011,5360.700195
31/10/2011,5326.600098
01/11/2011,5257.950195
02/11/2011,5258.450195
03/11/2011,5265.75
04/11/2011,5284.200195
08/11/2011,5289.350098
09/11/2011,5221.049805
11/11/2011,5168.850098
14/11/2011,5148.350098
15/11/2011,5068.5
16/11/2011,5030.450195
17/11/2011,4934.75
18/11/2011,4905.799805
21/11/2011,4778.350098
22/11/2011,4812.350098
23/11/2011,4706.450195
24/11/2011,null
25/11/2011,4710.049805
28/11/2011,4851.299805
29/11/2011,4805.100098
30/11/2011,4832.049805
01/12/2011,4936.850098
02/12/2011,5050.149902
05/12/2011,5039.149902
07/12/2011,5062.600098
08/12/2011,4943.649902
09/12/2011,4866.700195
12/12/2011,4764.600098
13/12/2011,4800.600098
14/12/2011,4763.25
15/12/2011,4746.350098
16/12/2011,4651.600098
19/12/2011,4613.100098
20/12/2011,4544.200195
21/12/2011,4693.149902
22/12/2011,4733.850098
23/12/2011,4714
26/12/2011,null
27/12/2011,4750.5
28/12/2011,4705.799805
29/12/2011,4646.25
30/12/2011,4624.299805
02/01/2012,null
03/01/2012,4765.299805
04/01/2012,4749.649902
05/01/2012,4749.950195
06/01/2012,4754.100098
07/01/2012,null
09/01/2012,4742.799805
10/01/2012,4849.549805
11/01/2012,4860.950195
12/01/2012,4831.25
13/01/2012,4866
16/01/2012,4873.899902
17/01/2012,4967.299805
18/01/2012,4955.799805
19/01/2012,5018.399902
20/01/2012,5048.600098
23/01/2012,5046.25
24/01/2012,5127.350098
25/01/2012,5158.299805
27/01/2012,5204.700195
30/01/2012,5087.299805
31/01/2012,5199.25
01/02/2012,5235.700195
02/02/2012,5269.899902
03/02/2012,5325.850098
06/02/2012,5361.649902
07/02/2012,5335.149902
08/02/2012,5368.149902
09/02/2012,5412.350098
10/02/2012,5381.600098
13/02/2012,5390.200195
14/02/2012,5416.049805
15/02/2012,5531.950195
16/02/2012,5521.950195
17/02/2012,5564.299805
21/02/2012,5607.149902
22/02/2012,5505.350098
23/02/2012,5483.299805
24/02/2012,5429.299805
27/02/2012,5281.200195
28/02/2012,5375.5
29/02/2012,5385.200195
01/03/2012,5339.75
02/03/2012,5359.350098
03/03/2012,null
05/03/2012,5280.350098
06/03/2012,5222.399902
07/03/2012,5220.450195
09/03/2012,5333.549805
12/03/2012,5359.549805
13/03/2012,5429.5
14/03/2012,5463.899902
15/03/2012,5380.5
16/03/2012,5317.899902
19/03/2012,5257.049805
20/03/2012,5274.850098
21/03/2012,5364.950195
22/03/2012,5228.450195
23/03/2012,5278.200195
26/03/2012,5184.25
27/03/2012,5243.149902
28/03/2012,5194.75
29/03/2012,5178.850098
30/03/2012,5295.549805
02/04/2012,5317.899902
03/04/2012,5358.5
04/04/2012,5322.899902
09/04/2012,5234.399902
10/04/2012,5243.600098
11/04/2012,5226.850098
12/04/2012,5276.850098
13/04/2012,5207.450195
16/04/2012,5226.200195
17/04/2012,5289.700195
18/04/2012,5300
19/04/2012,5332.399902
20/04/2012,5290.850098
23/04/2012,5200.600098
24/04/2012,5222.649902
25/04/2012,5202
26/04/2012,5189
27/04/2012,5190.600098
30/04/2012,5248.149902
02/05/2012,5239.149902
03/05/2012,5188.399902
04/05/2012,5086.850098
07/05/2012,5114.149902
08/05/2012,4999.950195
09/05/2012,4974.799805
10/05/2012,4965.700195
11/05/2012,4928.899902
14/05/2012,4907.799805
15/05/2012,4942.799805
16/05/2012,4858.25
17/05/2012,4870.200195
18/05/2012,4891.450195
21/05/2012,null
22/05/2012,4860.5
23/05/2012,4835.649902
24/05/2012,4921.399902
25/05/2012,4920.399902
28/05/2012,4985.649902
29/05/2012,4990.100098
30/05/2012,4950.75
31/05/2012,4924.25
01/06/2012,4841.600098
04/06/2012,4848.149902
05/06/2012,4863.299805
06/06/2012,4997.100098
07/06/2012,5049.649902
08/06/2012,5068.350098
11/06/2012,5054.100098
12/06/2012,5115.899902
13/06/2012,5121.450195
14/06/2012,5054.75
15/06/2012,5139.049805
18/06/2012,5064.25
19/06/2012,5103.850098
20/06/2012,5120.549805
21/06/2012,5165
22/06/2012,5146.049805
25/06/2012,5114.649902
26/06/2012,5120.799805
27/06/2012,5141.899902
28/06/2012,5149.149902
29/06/2012,5278.899902
02/07/2012,5278.600098
03/07/2012,5287.950195
04/07/2012,5302.549805
05/07/2012,5327.299805
06/07/2012,5316.950195
09/07/2012,5275.149902
10/07/2012,5345.350098
11/07/2012,5306.299805
12/07/2012,5235.25
13/07/2012,5227.25
16/07/2012,5197.25
17/07/2012,5192.850098
18/07/2012,5216.299805
19/07/2012,5242.700195
20/07/2012,5205.100098
23/07/2012,5117.950195
24/07/2012,5128.200195
25/07/2012,5109.600098
26/07/2012,5043
27/07/2012,5099.850098
30/07/2012,5199.799805
31/07/2012,5229
01/08/2012,5240.5
02/08/2012,5227.75
03/08/2012,5215.700195
06/08/2012,5282.549805
07/08/2012,5336.700195
08/08/2012,5338
09/08/2012,5322.950195
10/08/2012,5320.399902
13/08/2012,5347.899902
14/08/2012,5380.350098
16/08/2012,5362.950195
17/08/2012,5366.299805
21/08/2012,5421
22/08/2012,5412.850098
23/08/2012,5415.350098
24/08/2012,5386.700195
27/08/2012,5350.25
28/08/2012,null
29/08/2012,5287.799805
30/08/2012,5315.049805
31/08/2012,5258.5
03/09/2012,5253.75
04/09/2012,5274
05/09/2012,5225.700195
06/09/2012,5238.399902
07/09/2012,5342.100098
08/09/2012,null
10/09/2012,5363.450195
11/09/2012,5390
12/09/2012,5431
13/09/2012,5435.350098
14/09/2012,5577.649902
17/09/2012,5610
18/09/2012,5600.049805
20/09/2012,5554.25
21/09/2012,5691.149902
24/09/2012,5669.600098
25/09/2012,5673.899902
26/09/2012,5663.450195
27/09/2012,5649.5
28/09/2012,5703.299805
01/10/2012,5718.799805
03/10/2012,5731.25
04/10/2012,5787.600098
05/10/2012,5746.950195
08/10/2012,5676
09/10/2012,5704.600098
10/10/2012,5652.149902
11/10/2012,5708.049805
12/10/2012,5676.049805
15/10/2012,5687.25
16/10/2012,5648
17/10/2012,5660.25
18/10/2012,5718.700195
19/10/2012,5684.25
22/10/2012,5717.149902
23/10/2012,5691.399902
25/10/2012,5705.299805
29/10/2012,5665.600098
30/10/2012,5597.899902
31/10/2012,5619.700195
01/11/2012,5645.049805
02/11/2012,5697.700195
05/11/2012,5704.200195
06/11/2012,5724.399902
07/11/2012,5760.100098
08/11/2012,5738.75
09/11/2012,5686.25
11/11/2012,null
12/11/2012,5683.700195
15/11/2012,5631
16/11/2012,5574.049805
19/11/2012,5571.399902
20/11/2012,5571.549805
21/11/2012,5614.799805
22/11/2012,5627.75
23/11/2012,5626.600098
26/11/2012,5635.899902
27/11/2012,5727.450195
29/11/2012,5825
30/11/2012,5879.850098
03/12/2012,5870.950195
04/12/2012,5889.25
05/12/2012,5900.5
06/12/2012,5930.899902
07/12/2012,5907.399902
10/12/2012,5908.899902
11/12/2012,5898.799805
12/12/2012,5888
13/12/2012,5851.5
14/12/2012,5879.600098
17/12/2012,5857.899902
18/12/2012,5896.799805
19/12/2012,5929.600098
20/12/2012,5916.399902
21/12/2012,5847.700195
24/12/2012,5855.75
26/12/2012,5905.600098
27/12/2012,5870.100098
28/12/2012,5908.350098
31/12/2012,5905.100098
01/01/2013,null
02/01/2013,5993.25
03/01/2013,6009.5
04/01/2013,6016.149902
07/01/2013,5988.399902
08/01/2013,6001.700195
09/01/2013,5971.5
10/01/2013,5968.649902
11/01/2013,5951.299805
14/01/2013,6024.049805
15/01/2013,6056.600098
16/01/2013,6001.850098
17/01/2013,6039.200195
18/01/2013,6064.399902
21/01/2013,6082.299805
22/01/2013,6048.5
23/01/2013,6054.299805
24/01/2013,6019.350098
25/01/2013,6074.649902
28/01/2013,6074.799805
29/01/2013,6049.899902
30/01/2013,6055.75
31/01/2013,6034.75
01/02/2013,5998.899902
04/02/2013,5987.25
05/02/2013,5956.899902
06/02/2013,5959.200195
07/02/2013,5938.799805
08/02/2013,5903.5
11/02/2013,5897.850098
12/02/2013,5922.5
13/02/2013,5932.950195
14/02/2013,5896.950195
15/02/2013,5887.399902
18/02/2013,5898.200195
19/02/2013,5939.700195
20/02/2013,5943.049805
21/02/2013,5852.25
22/02/2013,5850.299805
25/02/2013,5854.75
26/02/2013,5761.350098
27/02/2013,5796.899902
28/02/2013,5693.049805
01/03/2013,5719.700195
04/03/2013,5698.5
05/03/2013,5784.25
06/03/2013,5818.600098
07/03/2013,5863.299805
08/03/2013,5945.700195
11/03/2013,5942.350098
12/03/2013,5914.100098
13/03/2013,5851.200195
14/03/2013,5908.950195
15/03/2013,5872.600098
18/03/2013,5835.25
19/03/2013,5745.950195
20/03/2013,5694.399902
21/03/2013,5658.75
22/03/2013,5651.350098
25/03/2013,5633.850098
26/03/2013,5641.600098
28/03/2013,5682.549805
01/04/2013,5704.399902
02/04/2013,5748.100098
03/04/2013,5672.899902
04/04/2013,5574.75
05/04/2013,5553.25
08/04/2013,5542.950195
09/04/2013,5495.100098
10/04/2013,5558.700195
11/04/2013,5594
12/04/2013,5528.549805
15/04/2013,5568.399902
16/04/2013,5688.950195
17/04/2013,5688.700195
18/04/2013,5783.100098
22/04/2013,5834.399902
23/04/2013,5836.899902
25/04/2013,5916.299805
26/04/2013,5871.450195
29/04/2013,5904.100098
30/04/2013,5930.200195
02/05/2013,5999.350098
03/05/2013,5944
06/05/2013,5971.049805
07/05/2013,6043.549805
08/05/2013,6069.299805
09/05/2013,6050.149902
10/05/2013,6094.75
13/05/2013,5980.450195
14/05/2013,5995.399902
15/05/2013,6146.75
16/05/2013,6169.899902
17/05/2013,6187.299805
20/05/2013,6156.899902
21/05/2013,6114.100098
22/05/2013,6094.5
23/05/2013,5967.049805
24/05/2013,5983.549805
27/05/2013,6083.149902
28/05/2013,6111.25
29/05/2013,6104.299805
30/05/2013,6124.049805
31/05/2013,5985.950195
03/06/2013,5939.299805
04/06/2013,5919.450195
05/06/2013,5923.850098
06/06/2013,5921.399902
07/06/2013,5881
10/06/2013,5878
11/06/2013,5788.799805
12/06/2013,5760.200195
13/06/2013,5699.100098
14/06/2013,5808.399902
17/06/2013,5850.049805
18/06/2013,5813.600098
19/06/2013,5822.25
20/06/2013,5655.899902
21/06/2013,5667.649902
24/06/2013,5590.25
25/06/2013,5609.100098
26/06/2013,5588.700195
27/06/2013,5682.350098
28/06/2013,5842.200195
01/07/2013,5898.850098
02/07/2013,5857.549805
03/07/2013,5770.899902
04/07/2013,5836.950195
05/07/2013,5867.899902
08/07/2013,5811.549805
09/07/2013,5859
10/07/2013,5816.700195
11/07/2013,5935.100098
12/07/2013,6009
15/07/2013,6030.799805
16/07/2013,5955.25
17/07/2013,5973.299805
18/07/2013,6038.049805
19/07/2013,6029.200195
22/07/2013,6031.799805
23/07/2013,6077.799805
24/07/2013,5990.5
25/07/2013,5907.5
26/07/2013,5886.200195
29/07/2013,5831.649902
30/07/2013,5755.049805
31/07/2013,5742
01/08/2013,5727.850098
02/08/2013,5677.899902
05/08/2013,5685.399902
06/08/2013,5542.25
07/08/2013,5519.100098
08/08/2013,5565.649902
12/08/2013,5612.399902
13/08/2013,5699.299805
14/08/2013,5742.299805
16/08/2013,5507.850098
19/08/2013,5414.75
20/08/2013,5401.450195
21/08/2013,5302.549805
22/08/2013,5408.450195
23/08/2013,5471.75
26/08/2013,5476.5
27/08/2013,5287.450195
28/08/2013,5285
29/08/2013,5409.049805
30/08/2013,5471.799805
02/09/2013,5550.75
03/09/2013,5341.450195
04/09/2013,5448.100098
05/09/2013,5592.950195
06/09/2013,5680.399902
10/09/2013,5896.75
11/09/2013,5913.149902
12/09/2013,5850.700195
13/09/2013,5850.600098
16/09/2013,5840.549805
17/09/2013,5850.200195
18/09/2013,5899.450195
19/09/2013,6115.549805
20/09/2013,6012.100098
23/09/2013,5889.75
24/09/2013,5892.450195
25/09/2013,5873.850098
26/09/2013,5882.25
27/09/2013,5833.200195
30/09/2013,5735.299805
01/10/2013,5780.049805
03/10/2013,5909.700195
04/10/2013,5907.299805
07/10/2013,5906.149902
08/10/2013,5928.399902
09/10/2013,6007.450195
10/10/2013,6020.950195
11/10/2013,6096.200195
14/10/2013,6112.700195
15/10/2013,6089.049805
17/10/2013,6045.850098
18/10/2013,6189.350098
21/10/2013,6204.950195
22/10/2013,6202.799805
23/10/2013,6178.350098
24/10/2013,6164.350098
25/10/2013,6144.899902
28/10/2013,6101.100098
29/10/2013,6220.899902
30/10/2013,6251.700195
31/10/2013,6299.149902
01/11/2013,6307.200195
05/11/2013,6253.149902
06/11/2013,6215.149902
07/11/2013,6187.25
08/11/2013,6140.75
11/11/2013,6078.799805
12/11/2013,6018.049805
13/11/2013,5989.600098
14/11/2013,6056.149902
18/11/2013,6189
19/11/2013,6203.350098
20/11/2013,6122.899902
21/11/2013,5999.049805
22/11/2013,5995.450195
25/11/2013,6115.350098
26/11/2013,6059.100098
27/11/2013,6057.100098
28/11/2013,6091.850098
29/11/2013,6176.100098
02/12/2013,6217.850098
03/12/2013,6201.850098
04/12/2013,6160.950195
05/12/2013,6241.100098
06/12/2013,6259.899902
09/12/2013,6363.899902
10/12/2013,6332.850098
11/12/2013,6307.899902
12/12/2013,6237.049805
13/12/2013,6168.399902
16/12/2013,6154.700195
17/12/2013,6139.049805
18/12/2013,6217.149902
19/12/2013,6166.649902
20/12/2013,6274.25
23/12/2013,6284.5
24/12/2013,6268.399902
26/12/2013,6278.899902
27/12/2013,6313.799805
30/12/2013,6291.100098
31/12/2013,6304
01/01/2014,null
02/01/2014,6221.149902
03/01/2014,6211.149902
06/01/2014,6191.450195
07/01/2014,6162.25
08/01/2014,6174.600098
09/01/2014,6168.350098
10/01/2014,6171.450195
13/01/2014,6272.75
14/01/2014,6241.850098
15/01/2014,6320.899902
16/01/2014,6318.899902
17/01/2014,6261.649902
20/01/2014,6303.950195
21/01/2014,6313.799805
22/01/2014,6338.950195
23/01/2014,6345.649902
24/01/2014,6266.75
27/01/2014,6135.850098
28/01/2014,6126.25
29/01/2014,6120.25
30/01/2014,6073.700195
31/01/2014,6089.5
03/02/2014,6001.799805
04/02/2014,6000.899902
05/02/2014,6022.399902
06/02/2014,6036.299805
07/02/2014,6063.200195
10/02/2014,6053.450195
11/02/2014,6062.700195
12/02/2014,6084
13/02/2014,6001.100098
14/02/2014,6048.350098
17/02/2014,6073.299805
18/02/2014,6127.100098
19/02/2014,6152.75
20/02/2014,6091.450195
21/02/2014,6155.450195
24/02/2014,6186.100098
25/02/2014,6200.049805
26/02/2014,6238.799805
28/02/2014,6276.950195
03/03/2014,6221.450195
04/03/2014,6297.950195
05/03/2014,6328.649902
06/03/2014,6401.149902
07/03/2014,6526.649902
10/03/2014,6537.25
11/03/2014,6511.899902
12/03/2014,6516.899902
13/03/2014,6493.100098
14/03/2014,6504.200195
18/03/2014,6516.649902
19/03/2014,6524.049805
20/03/2014,6483.100098
21/03/2014,6493.200195
22/03/2014,null
24/03/2014,6583.5
25/03/2014,6589.75
26/03/2014,6601.399902
27/03/2014,6641.75
28/03/2014,6695.899902
31/03/2014,6704.200195
01/04/2014,6721.049805
02/04/2014,6752.549805
03/04/2014,6736.100098
04/04/2014,6694.350098
07/04/2014,6695.049805
09/04/2014,6796.200195
10/04/2014,6796.399902
11/04/2014,6776.299805
15/04/2014,6733.100098
16/04/2014,6675.299805
17/04/2014,6779.399902
21/04/2014,6817.649902
22/04/2014,6815.350098
23/04/2014,6840.799805
24/04/2014,null
25/04/2014,6782.75
28/04/2014,6761.25
29/04/2014,6715.25
30/04/2014,6696.399902
02/05/2014,6694.799805
05/05/2014,6699.350098
06/05/2014,6715.299805
07/05/2014,6652.549805
08/05/2014,6659.850098
09/05/2014,6858.799805
12/05/2014,7014.25
13/05/2014,7108.75
14/05/2014,7108.75
15/05/2014,7123.149902
16/05/2014,7203
19/05/2014,7263.549805
20/05/2014,7275.5
21/05/2014,7252.899902
22/05/2014,7276.399902
23/05/2014,7367.100098
26/05/2014,7359.049805
27/05/2014,7318
28/05/2014,7329.649902
29/05/2014,7235.649902
30/05/2014,7229.950195
02/06/2014,7362.5
03/06/2014,7415.850098
04/06/2014,7402.25
05/06/2014,7474.100098
06/06/2014,7583.399902
09/06/2014,7654.600098
10/06/2014,7656.399902
11/06/2014,7626.850098
12/06/2014,7649.899902
13/06/2014,7542.100098
16/06/2014,7533.549805
17/06/2014,7631.700195
18/06/2014,7558.200195
19/06/2014,7540.700195
20/06/2014,7511.450195
23/06/2014,7493.350098
24/06/2014,7580.200195
25/06/2014,7569.25
26/06/2014,7493.200195
27/06/2014,7508.799805
30/06/2014,7611.350098
01/07/2014,7634.700195
02/07/2014,7725.149902
03/07/2014,7714.799805
04/07/2014,7751.600098
07/07/2014,7787.149902
08/07/2014,7623.200195
09/07/2014,7585
10/07/2014,7567.75
11/07/2014,7459.600098
14/07/2014,7454.149902
15/07/2014,7526.649902
16/07/2014,7624.399902
17/07/2014,7640.450195
18/07/2014,7663.899902
21/07/2014,7684.200195
22/07/2014,7767.850098
23/07/2014,7795.75
24/07/2014,7830.600098
25/07/2014,7790.450195
28/07/2014,7748.700195
30/07/2014,7791.399902
31/07/2014,7721.299805
01/08/2014,7602.600098
04/08/2014,7683.649902
05/08/2014,7746.549805
06/08/2014,7672.049805
07/08/2014,7649.25
08/08/2014,7568.549805
11/08/2014,7625.950195
12/08/2014,7727.049805
13/08/2014,7739.549805
14/08/2014,7791.700195
18/08/2014,7874.25
19/08/2014,7897.5
20/08/2014,7875.299805
21/08/2014,7891.100098
22/08/2014,7913.200195
25/08/2014,7906.299805
26/08/2014,7904.75
27/08/2014,7936.049805
28/08/2014,7954.350098
01/09/2014,8027.700195
02/09/2014,8083.049805
03/09/2014,8114.600098
04/09/2014,8095.950195
05/09/2014,8086.850098
08/09/2014,8173.899902
09/09/2014,8152.950195
10/09/2014,8094.100098
11/09/2014,8085.700195
12/09/2014,8105.5
15/09/2014,8042
16/09/2014,7932.899902
17/09/2014,7975.5
18/09/2014,8114.75
19/09/2014,8121.450195
22/09/2014,8146.299805
23/09/2014,8017.549805
24/09/2014,8002.399902
25/09/2014,7911.850098
26/09/2014,7968.850098
29/09/2014,7958.899902
30/09/2014,7964.799805
01/10/2014,7945.549805
07/10/2014,7852.399902
08/10/2014,7842.700195
09/10/2014,7960.549805
10/10/2014,7859.950195
13/10/2014,7884.25
14/10/2014,7864
15/10/2014,null
16/10/2014,7748.200195
17/10/2014,7779.700195
20/10/2014,7879.399902
21/10/2014,7927.75
22/10/2014,7995.899902
27/10/2014,7991.700195
28/10/2014,8027.600098
29/10/2014,8090.450195
30/10/2014,8169.200195
31/10/2014,8322.200195
03/11/2014,8324.150391
05/11/2014,8338.299805
07/11/2014,8337
10/11/2014,8344.25
11/11/2014,8362.650391
12/11/2014,8383.299805
13/11/2014,8357.849609
14/11/2014,8389.900391
17/11/2014,8430.75
18/11/2014,8425.900391
19/11/2014,8382.299805
20/11/2014,8401.900391
21/11/2014,8477.349609
24/11/2014,8530.150391
25/11/2014,8463.099609
26/11/2014,8475.75
27/11/2014,8494.200195
28/11/2014,8588.25
01/12/2014,8555.900391
02/12/2014,8524.700195
03/12/2014,8537.650391
04/12/2014,8564.400391
05/12/2014,8538.299805
08/12/2014,8438.25
09/12/2014,8340.700195
10/12/2014,8355.650391
11/12/2014,8292.900391
12/12/2014,8224.099609
15/12/2014,8219.599609
16/12/2014,8067.600098
17/12/2014,8029.799805
18/12/2014,8159.299805
19/12/2014,8225.200195
22/12/2014,8324
23/12/2014,8267
24/12/2014,8174.100098
26/12/2014,8200.700195
29/12/2014,8246.299805
30/12/2014,8248.25
31/12/2014,8282.700195
01/01/2015,null
02/01/2015,8395.450195
05/01/2015,8378.400391
06/01/2015,8127.350098
07/01/2015,8102.100098
08/01/2015,8234.599609
09/01/2015,8284.5
12/01/2015,8323
13/01/2015,8299.400391
14/01/2015,8277.549805
15/01/2015,8494.150391
16/01/2015,8513.799805
19/01/2015,8550.700195
20/01/2015,8695.599609
21/01/2015,8729.5
22/01/2015,8761.400391
23/01/2015,8835.599609
27/01/2015,8910.5
28/01/2015,8914.299805
29/01/2015,8952.349609
30/01/2015,8808.900391
02/02/2015,8797.400391
03/02/2015,8756.549805
04/02/2015,8723.700195
05/02/2015,8711.700195
06/02/2015,8661.049805
09/02/2015,8526.349609
10/02/2015,8565.549805
11/02/2015,8627.400391
12/02/2015,8711.549805
13/02/2015,8805.5
16/02/2015,8809.349609
18/02/2015,8869.099609
19/02/2015,8895.299805
20/02/2015,8833.599609
23/02/2015,8754.950195
24/02/2015,8762.099609
25/02/2015,8767.25
26/02/2015,8683.849609
27/02/2015,8844.599609
28/02/2015,null
02/03/2015,8956.75
03/03/2015,8996.25
04/03/2015,8922.650391
05/03/2015,8937.75
09/03/2015,8756.75
10/03/2015,8712.049805
11/03/2015,8699.950195
12/03/2015,8776
13/03/2015,8647.75
16/03/2015,8633.150391
17/03/2015,8723.299805
18/03/2015,8685.900391
19/03/2015,8634.650391
20/03/2015,8570.900391
23/03/2015,8550.900391
24/03/2015,8542.950195
25/03/2015,8530.799805
26/03/2015,8342.150391
27/03/2015,8341.400391
30/03/2015,8492.299805
31/03/2015,8491
01/04/2015,8586.25
06/04/2015,8659.900391
07/04/2015,8660.299805
08/04/2015,8714.400391
09/04/2015,8778.299805
10/04/2015,8780.349609
13/04/2015,8834
15/04/2015,null
16/04/2015,8706.700195
17/04/2015,8606
20/04/2015,8448.099609
21/04/2015,8377.75
22/04/2015,8429.700195
23/04/2015,8398.299805
24/04/2015,8305.25
27/04/2015,8213.799805
28/04/2015,8285.599609
29/04/2015,8239.75
30/04/2015,8181.5
04/05/2015,8331.950195
05/05/2015,8324.799805
06/05/2015,8097
07/05/2015,8057.299805
08/05/2015,8191.5
11/05/2015,8325.25
12/05/2015,8126.950195
13/05/2015,8235.450195
14/05/2015,8224.200195
15/05/2015,8262.349609
18/05/2015,8373.650391
19/05/2015,8365.650391
20/05/2015,8423.25
21/05/2015,8421
22/05/2015,8458.950195
25/05/2015,8370.25
26/05/2015,8339.349609
27/05/2015,8334.599609
28/05/2015,8319
29/05/2015,8433.650391
01/06/2015,8433.400391
02/06/2015,8236.450195
03/06/2015,8135.100098
04/06/2015,8130.649902
05/06/2015,8114.700195
08/06/2015,8044.149902
09/06/2015,8022.399902
10/06/2015,8124.450195
11/06/2015,7965.350098
12/06/2015,7982.899902
15/06/2015,8013.899902
16/06/2015,8047.299805
17/06/2015,8091.549805
18/06/2015,8174.600098
19/06/2015,8224.950195
22/06/2015,8353.099609
23/06/2015,8381.549805
24/06/2015,8360.849609
25/06/2015,8398
26/06/2015,8381.099609
29/06/2015,8318.400391
30/06/2015,8368.5
01/07/2015,8453.049805
02/07/2015,8444.900391
03/07/2015,8484.900391
06/07/2015,8522.150391
07/07/2015,8510.799805
08/07/2015,8363.049805
09/07/2015,8328.549805
10/07/2015,8360.549805
13/07/2015,8459.650391
14/07/2015,8454.099609
15/07/2015,8523.799805
16/07/2015,8608.049805
17/07/2015,8609.849609
20/07/2015,8603.450195
21/07/2015,8529.450195
22/07/2015,8633.5
23/07/2015,8589.799805
24/07/2015,8521.549805
27/07/2015,8361
28/07/2015,8337
29/07/2015,8375.049805
30/07/2015,8421.799805
31/07/2015,8532.849609
03/08/2015,8543.049805
04/08/2015,8516.900391
05/08/2015,8567.950195
06/08/2015,8588.650391
07/08/2015,8564.599609
10/08/2015,8525.599609
11/08/2015,8462.349609
12/08/2015,8349.450195
13/08/2015,8355.849609
14/08/2015,8518.549805
17/08/2015,8477.299805
18/08/2015,8466.549805
19/08/2015,8495.150391
20/08/2015,8372.75
21/08/2015,8299.950195
24/08/2015,7809
25/08/2015,7880.700195
26/08/2015,7791.850098
27/08/2015,7948.950195
28/08/2015,8001.950195
31/08/2015,7971.299805
01/09/2015,7785.850098
02/09/2015,7717
03/09/2015,7823
04/09/2015,7655.049805
07/09/2015,7558.799805
08/09/2015,7688.25
09/09/2015,7818.600098
10/09/2015,7788.100098
11/09/2015,7789.299805
14/09/2015,7872.25
15/09/2015,7829.100098
16/09/2015,7899.149902
18/09/2015,7981.899902
21/09/2015,7977.100098
22/09/2015,7812
23/09/2015,7845.950195
24/09/2015,7868.5
28/09/2015,7795.700195
29/09/2015,7843.299805
30/09/2015,7948.899902
01/10/2015,7950.899902
05/10/2015,8119.299805
06/10/2015,8152.899902
07/10/2015,8177.399902
08/10/2015,8129.350098
09/10/2015,8189.700195
12/10/2015,8143.600098
13/10/2015,8131.700195
14/10/2015,8107.899902
15/10/2015,8179.5
16/10/2015,8238.150391
19/10/2015,8275.049805
20/10/2015,8261.650391
21/10/2015,8251.700195
23/10/2015,8295.450195
26/10/2015,8260.549805
27/10/2015,8232.900391
28/10/2015,8171.200195
29/10/2015,8111.75
30/10/2015,8065.799805
02/11/2015,8050.799805
03/11/2015,8060.700195
04/11/2015,8040.200195
05/11/2015,7955.450195
06/11/2015,7954.299805
09/11/2015,7915.200195
10/11/2015,7783.350098
13/11/2015,7762.25
16/11/2015,7806.600098
17/11/2015,7837.549805
18/11/2015,7731.799805
19/11/2015,7842.75
20/11/2015,7856.549805
23/11/2015,7849.25
24/11/2015,7831.600098
26/11/2015,7883.799805
27/11/2015,7942.700195
30/11/2015,7935.25
01/12/2015,7954.899902
02/12/2015,7931.350098
03/12/2015,7864.149902
04/12/2015,7781.899902
07/12/2015,7765.399902
08/12/2015,7701.700195
09/12/2015,7612.5
10/12/2015,7683.299805
11/12/2015,7610.450195
14/12/2015,7650.049805
15/12/2015,7700.899902
16/12/2015,7750.899902
17/12/2015,7844.350098
18/12/2015,7761.950195
21/12/2015,7834.450195
22/12/2015,7786.100098
23/12/2015,7865.950195
24/12/2015,7861.049805
28/12/2015,7925.149902
29/12/2015,7928.950195
30/12/2015,7896.25
31/12/2015,7946.350098
01/01/2016,null
04/01/2016,7791.299805
05/01/2016,7784.649902
06/01/2016,7741
07/01/2016,7568.299805
08/01/2016,7601.350098
11/01/2016,7563.850098
12/01/2016,7510.299805
13/01/2016,7562.399902
14/01/2016,7536.799805
15/01/2016,7437.799805
18/01/2016,7351
19/01/2016,7435.100098
20/01/2016,7309.299805
21/01/2016,7276.799805
22/01/2016,7422.450195
25/01/2016,7436.149902
27/01/2016,7437.75
28/01/2016,7424.649902
29/01/2016,7563.549805
01/02/2016,7555.950195
02/02/2016,7455.549805
03/02/2016,7361.799805
04/02/2016,7404
05/02/2016,7489.100098
08/02/2016,7387.25
09/02/2016,7298.200195
10/02/2016,7215.700195
11/02/2016,6976.350098
12/02/2016,6980.950195
15/02/2016,7162.950195
16/02/2016,7048.25
17/02/2016,7108.450195
18/02/2016,7191.75
19/02/2016,7210.75
22/02/2016,7234.549805
23/02/2016,7109.549805
24/02/2016,7018.700195
25/02/2016,6970.600098
26/02/2016,7029.75
29/02/2016,6987.049805
01/03/2016,7222.299805
02/03/2016,7368.850098
03/03/2016,7475.600098
04/03/2016,7485.350098
08/03/2016,7485.299805
09/03/2016,7531.799805
10/03/2016,7486.149902
11/03/2016,7510.200195
14/03/2016,7538.75
15/03/2016,7460.600098
16/03/2016,7498.75
17/03/2016,7512.549805
18/03/2016,7604.350098
21/03/2016,7704.25
22/03/2016,7714.899902
23/03/2016,7716.5
28/03/2016,7615.100098
29/03/2016,7597
30/03/2016,7735.200195
31/03/2016,7738.399902
01/04/2016,7713.049805
04/04/2016,7758.799805
05/04/2016,7603.200195
06/04/2016,7614.350098
07/04/2016,7546.450195
08/04/2016,7555.200195
11/04/2016,7671.399902
12/04/2016,7708.950195
13/04/2016,7850.450195
18/04/2016,7914.700195
20/04/2016,7914.75
21/04/2016,7912.049805
22/04/2016,7899.299805
25/04/2016,7855.049805
26/04/2016,7962.649902
27/04/2016,7979.899902
28/04/2016,7847.25
29/04/2016,7849.799805
02/05/2016,7805.899902
03/05/2016,7747
04/05/2016,7706.549805
05/05/2016,7735.5
06/05/2016,7733.450195
09/05/2016,7866.049805
10/05/2016,7887.799805
11/05/2016,7848.850098
12/05/2016,7900.399902
13/05/2016,7814.899902
16/05/2016,7860.75
17/05/2016,7890.75
18/05/2016,7870.149902
19/05/2016,7783.399902
20/05/2016,7749.700195
23/05/2016,7731.049805
24/05/2016,7748.850098
25/05/2016,7934.899902
26/05/2016,8069.649902
27/05/2016,8156.649902
30/05/2016,8178.5
31/05/2016,8160.100098
01/06/2016,8179.950195
02/06/2016,8218.950195
03/06/2016,8220.799805
06/06/2016,8201.049805
07/06/2016,8266.450195
08/06/2016,8273.049805
09/06/2016,8203.599609
10/06/2016,8170.049805
13/06/2016,8110.600098
14/06/2016,8108.850098
15/06/2016,8206.599609
16/06/2016,8140.75
17/06/2016,8170.200195
20/06/2016,8238.5
21/06/2016,8219.900391
22/06/2016,8203.700195
23/06/2016,8270.450195
24/06/2016,8088.600098
27/06/2016,8094.700195
28/06/2016,8127.850098
29/06/2016,8204
30/06/2016,8287.75
01/07/2016,8328.349609
04/07/2016,8370.700195
05/07/2016,8335.950195
07/07/2016,8337.900391
08/07/2016,8323.200195
11/07/2016,8467.900391
12/07/2016,8521.049805
13/07/2016,8519.5
14/07/2016,8565
15/07/2016,8541.400391
18/07/2016,8508.700195
19/07/2016,8528.549805
20/07/2016,8565.849609
21/07/2016,8510.099609
22/07/2016,8541.200195
25/07/2016,8635.650391
26/07/2016,8590.650391
27/07/2016,8615.799805
28/07/2016,8666.299805
29/07/2016,8638.5
01/08/2016,8636.549805
02/08/2016,8622.900391
03/08/2016,8544.849609
04/08/2016,8551.099609
05/08/2016,8683.150391
08/08/2016,8711.349609
09/08/2016,8678.25
10/08/2016,8575.299805
11/08/2016,8592.150391
12/08/2016,null
16/08/2016,8642.549805
17/08/2016,8624.049805
18/08/2016,8673.25
19/08/2016,8666.900391
22/08/2016,8629.150391
23/08/2016,8632.599609
24/08/2016,8650.299805
25/08/2016,8592.200195
26/08/2016,8572.549805
29/08/2016,8607.450195
30/08/2016,8744.349609
31/08/2016,8786.200195
01/09/2016,8774.650391
02/09/2016,8809.650391
06/09/2016,8943
07/09/2016,8917.950195
08/09/2016,8952.5
09/09/2016,8866.700195
12/09/2016,8715.599609
14/09/2016,8726.599609
15/09/2016,8742.549805
16/09/2016,8779.849609
19/09/2016,8808.400391
20/09/2016,8775.900391
21/09/2016,8777.150391
22/09/2016,8867.450195
23/09/2016,8831.549805
26/09/2016,8723.049805
27/09/2016,8706.400391
28/09/2016,8745.150391
29/09/2016,8591.25
30/09/2016,8611.150391
03/10/2016,8738.099609
04/10/2016,8769.150391
05/10/2016,8743.950195
06/10/2016,8709.549805
07/10/2016,8697.599609
10/10/2016,8708.799805
13/10/2016,8573.349609
14/10/2016,8583.400391
17/10/2016,8520.400391
18/10/2016,8677.900391
19/10/2016,8659.099609
20/10/2016,8699.400391
21/10/2016,8693.049805
24/10/2016,8708.950195
25/10/2016,8691.299805
26/10/2016,8615.25
27/10/2016,8615.25
28/10/2016,8638
01/11/2016,8626.25
02/11/2016,8514
03/11/2016,8484.950195
04/11/2016,8433.75
07/11/2016,8497.049805
08/11/2016,8543.549805
09/11/2016,8432
10/11/2016,8525.75
11/11/2016,8296.299805
15/11/2016,8108.450195
16/11/2016,8111.600098
17/11/2016,8079.950195
18/11/2016,8074.100098
21/11/2016,7929.100098
22/11/2016,8002.299805
23/11/2016,8033.299805
24/11/2016,7965.5
25/11/2016,8114.299805
28/11/2016,8126.899902
29/11/2016,8142.149902
30/11/2016,8224.5
01/12/2016,8192.900391
02/12/2016,8086.799805
05/12/2016,8128.75
06/12/2016,8143.149902
07/12/2016,8102.049805
08/12/2016,8246.849609
09/12/2016,8261.75
12/12/2016,8170.799805
13/12/2016,8221.799805
14/12/2016,8182.450195
15/12/2016,8153.600098
16/12/2016,8139.450195
19/12/2016,8104.350098
20/12/2016,8082.399902
21/12/2016,8061.299805
22/12/2016,7979.100098
23/12/2016,7985.75
26/12/2016,7908.25
27/12/2016,8032.850098
28/12/2016,8034.850098
29/12/2016,8103.600098
30/12/2016,8185.799805
02/01/2017,8179.5
03/01/2017,8192.25
04/01/2017,8190.5
05/01/2017,8273.799805
06/01/2017,8243.799805
09/01/2017,8236.049805
10/01/2017,8288.599609
11/01/2017,8380.650391
12/01/2017,8407.200195
13/01/2017,8400.349609
16/01/2017,8412.799805
17/01/2017,8398
18/01/2017,8417
19/01/2017,8435.099609
20/01/2017,8349.349609
23/01/2017,8391.5
24/01/2017,8475.799805
25/01/2017,8602.75
27/01/2017,8641.25
30/01/2017,8632.75
31/01/2017,8561.299805
01/02/2017,8716.400391
02/02/2017,8734.25
03/02/2017,8740.950195
06/02/2017,8801.049805
07/02/2017,8768.299805
08/02/2017,8769.049805
09/02/2017,8778.400391
10/02/2017,8793.549805
13/02/2017,8805.049805
14/02/2017,8792.299805
15/02/2017,8724.700195
16/02/2017,8778
17/02/2017,8821.700195
20/02/2017,8879.200195
21/02/2017,8907.849609
22/02/2017,8926.900391
23/02/2017,8939.5
27/02/2017,8896.700195
28/02/2017,8879.599609
01/03/2017,8945.799805
02/03/2017,8899.75
03/03/2017,8897.549805
06/03/2017,8963.450195
07/03/2017,8946.900391
08/03/2017,8924.299805
09/03/2017,8927
10/03/2017,8934.549805
14/03/2017,9087
15/03/2017,9084.799805
16/03/2017,9153.700195
17/03/2017,9160.049805
20/03/2017,9126.849609
21/03/2017,9121.5
22/03/2017,9030.450195
23/03/2017,9086.299805
24/03/2017,9108
27/03/2017,9045.200195
28/03/2017,9100.799805
29/03/2017,9143.799805
30/03/2017,9173.75
31/03/2017,9173.75
03/04/2017,9237.849609
05/04/2017,9265.150391
06/04/2017,9261.950195
07/04/2017,9198.299805
10/04/2017,9181.450195
11/04/2017,9237
12/04/2017,9203.450195
13/04/2017,9150.799805
17/04/2017,9139.299805
18/04/2017,9105.150391
19/04/2017,9103.5
20/04/2017,9136.400391
21/04/2017,9119.400391
24/04/2017,9217.950195
25/04/2017,9306.599609
26/04/2017,9351.849609
27/04/2017,9342.150391
28/04/2017,9304.049805
02/05/2017,9313.799805
03/05/2017,9311.950195
04/05/2017,9359.900391
05/05/2017,9285.299805
08/05/2017,9314.049805
09/05/2017,9316.849609
10/05/2017,9407.299805
11/05/2017,9422.400391
12/05/2017,9400.900391
15/05/2017,9445.400391
16/05/2017,9512.25
17/05/2017,9525.75
18/05/2017,9429.450195
19/05/2017,9427.900391
22/05/2017,9438.25
23/05/2017,9386.150391
24/05/2017,9360.549805
25/05/2017,9509.75
26/05/2017,9595.099609
29/05/2017,9604.900391
30/05/2017,9624.549805
31/05/2017,9621.25
01/06/2017,9616.099609
02/06/2017,9653.5
05/06/2017,9675.099609
06/06/2017,9637.150391
07/06/2017,9663.900391
08/06/2017,9647.25
09/06/2017,9668.25
12/06/2017,9616.400391
13/06/2017,9606.900391
14/06/2017,9618.150391
15/06/2017,9578.049805
16/06/2017,9588.049805
19/06/2017,9657.549805
20/06/2017,9653.5
21/06/2017,9633.599609
22/06/2017,9630
23/06/2017,9574.950195
27/06/2017,9511.400391
28/06/2017,9491.25
29/06/2017,9504.099609
30/06/2017,9520.900391
03/07/2017,9615
04/07/2017,9613.299805
05/07/2017,9637.599609
06/07/2017,9674.549805
07/07/2017,9665.799805
10/07/2017,9771.049805
11/07/2017,9786.049805
12/07/2017,9816.099609
13/07/2017,9891.700195
14/07/2017,9886.349609
17/07/2017,9915.950195
18/07/2017,9827.150391
19/07/2017,9899.599609
20/07/2017,9873.299805
21/07/2017,9915.25
24/07/2017,9966.400391
25/07/2017,9964.549805
26/07/2017,10020.65039
27/07/2017,10020.54981
28/07/2017,10014.5
31/07/2017,10077.09961
01/08/2017,10114.65039
02/08/2017,10081.5
03/08/2017,10013.65039
04/08/2017,10066.40039
07/08/2017,10057.40039
08/08/2017,9978.549805
09/08/2017,9908.049805
10/08/2017,9820.25
11/08/2017,9710.799805
14/08/2017,9794.150391
16/08/2017,9897.299805
17/08/2017,9904.150391
18/08/2017,9837.400391
21/08/2017,9754.349609
22/08/2017,9765.549805
23/08/2017,9852.5
24/08/2017,9857.049805
28/08/2017,9912.799805
29/08/2017,9796.049805
30/08/2017,9884.400391
31/08/2017,9917.900391
01/09/2017,9974.400391
04/09/2017,9912.849609
05/09/2017,9952.200195
06/09/2017,9916.200195
07/09/2017,9929.900391
08/09/2017,9934.799805
11/09/2017,10006.04981
12/09/2017,10093.04981
13/09/2017,10079.29981
14/09/2017,10086.59961
15/09/2017,10085.40039
18/09/2017,10153.09961
19/09/2017,10147.54981
20/09/2017,10141.15039
21/09/2017,10121.90039
22/09/2017,9964.400391
25/09/2017,9872.599609
26/09/2017,9871.5
27/09/2017,9735.75
28/09/2017,9768.950195
29/09/2017,9788.599609
03/10/2017,9859.5
04/10/2017,9914.900391
05/10/2017,9888.700195
06/10/2017,9979.700195
09/10/2017,9988.75
10/10/2017,10016.9502
11/10/2017,9984.799805
12/10/2017,10096.40039
13/10/2017,10167.4502
16/10/2017,10230.84961
17/10/2017,10234.4502
18/10/2017,10210.84961
19/10/2017,10146.54981
23/10/2017,10184.84961
24/10/2017,10207.7002
25/10/2017,10295.34961
26/10/2017,10343.79981
27/10/2017,10323.04981
30/10/2017,10363.65039
31/10/2017,10335.29981
01/11/2017,10440.5
02/11/2017,10423.79981
03/11/2017,10452.5
06/11/2017,10451.79981
07/11/2017,10350.15039
08/11/2017,10303.15039
09/11/2017,10308.9502
10/11/2017,10321.75
13/11/2017,10224.9502
14/11/2017,10186.59961
15/11/2017,10118.04981
16/11/2017,10214.75
17/11/2017,10283.59961
20/11/2017,10298.75
21/11/2017,10326.90039
22/11/2017,10342.29981
23/11/2017,10348.75
24/11/2017,10389.7002
27/11/2017,10399.54981
28/11/2017,10370.25
29/11/2017,10361.29981
30/11/2017,10226.54981
01/12/2017,10121.79981
04/12/2017,10127.75
05/12/2017,10118.25
06/12/2017,10044.09961
07/12/2017,10166.7002
08/12/2017,10265.65039
11/12/2017,10322.25
12/12/2017,10240.15039
13/12/2017,10192.9502
14/12/2017,10252.09961
15/12/2017,10333.25
18/12/2017,10388.75
19/12/2017,10463.2002
20/12/2017,10444.2002
21/12/2017,10440.29981
22/12/2017,10493
26/12/2017,10531.5
27/12/2017,10490.75
28/12/2017,10477.90039
29/12/2017,10530.7002
01/01/2018,null
02/01/2018,10442.2002
03/01/2018,10443.2002
04/01/2018,10504.79981
05/01/2018,10558.84961
08/01/2018,10623.59961
09/01/2018,10637
10/01/2018,10632.2002
11/01/2018,10651.2002
12/01/2018,10681.25
15/01/2018,10741.54981
16/01/2018,10700.4502
17/01/2018,10788.54981
18/01/2018,10817
19/01/2018,10894.7002
22/01/2018,10966.2002
23/01/2018,11083.7002
24/01/2018,11086
25/01/2018,11069.65039
29/01/2018,11130.40039
30/01/2018,11049.65039
31/01/2018,11027.7002
01/02/2018,11016.90039
02/02/2018,10760.59961
05/02/2018,10666.54981
06/02/2018,10498.25
07/02/2018,10476.7002
08/02/2018,10576.84961
09/02/2018,10454.9502
12/02/2018,10539.75
14/02/2018,10500.90039
15/02/2018,10545.5
16/02/2018,10452.29981
19/02/2018,10378.40039
20/02/2018,10360.40039
21/02/2018,10397.4502
22/02/2018,10382.7002
23/02/2018,10491.04981
26/02/2018,10582.59961
27/02/2018,10554.29981
28/02/2018,10492.84961
01/03/2018,10458.34961
05/03/2018,10358.84961
06/03/2018,10249.25
07/03/2018,10154.2002
08/03/2018,10242.65039
09/03/2018,10226.84961
12/03/2018,10421.40039
13/03/2018,10426.84961
14/03/2018,10410.90039
15/03/2018,10360.15039
16/03/2018,10195.15039
19/03/2018,10094.25
20/03/2018,10124.34961
21/03/2018,10155.25
22/03/2018,10114.75
23/03/2018,9998.049805
26/03/2018,10130.65039
27/03/2018,10184.15039
28/03/2018,10113.7002
02/04/2018,10211.79981
03/04/2018,10245
04/04/2018,10128.40039
05/04/2018,10325.15039
06/04/2018,10331.59961
09/04/2018,10379.34961
10/04/2018,10402.25
11/04/2018,10417.15039
12/04/2018,10458.65039
13/04/2018,10480.59961
16/04/2018,10528.34961
17/04/2018,10548.7002
18/04/2018,10526.2002
19/04/2018,10565.29981
20/04/2018,10564.04981
23/04/2018,10584.7002
24/04/2018,10614.34961
25/04/2018,10570.54981
26/04/2018,10617.79981
27/04/2018,10692.29981
30/04/2018,10739.34961
02/05/2018,10718.04981
03/05/2018,10679.65039
04/05/2018,10618.25
07/05/2018,10715.5
08/05/2018,10717.79981
09/05/2018,10741.7002
10/05/2018,10716.54981
11/05/2018,10806.5
14/05/2018,10806.59961
15/05/2018,10801.84961
16/05/2018,10741.09961
17/05/2018,10682.7002
18/05/2018,10596.40039
21/05/2018,10516.7002
22/05/2018,10536.7002
23/05/2018,10430.34961
24/05/2018,10513.84961
25/05/2018,10605.15039
28/05/2018,10688.65039
29/05/2018,10633.29981
30/05/2018,10614.34961
31/05/2018,10736.15039
01/06/2018,10696.2002
04/06/2018,10628.5
05/06/2018,10593.15039
06/06/2018,10684.65039
07/06/2018,10768.34961
08/06/2018,10767.65039
11/06/2018,10786.9502
12/06/2018,10842.84961
13/06/2018,10856.7002
14/06/2018,10808.04981
15/06/2018,10817.7002
18/06/2018,10799.84961
19/06/2018,10710.4502
20/06/2018,10772.04981
21/06/2018,10741.09961
22/06/2018,10821.84961
25/06/2018,10762.4502
26/06/2018,10769.15039
27/06/2018,10671.40039
28/06/2018,10589.09961
29/06/2018,10714.29981
02/07/2018,10657.29981
03/07/2018,10699.90039
04/07/2018,10769.90039
05/07/2018,10749.75
06/07/2018,10772.65039
09/07/2018,10852.90039
10/07/2018,10947.25
11/07/2018,10948.29981
12/07/2018,11023.2002
13/07/2018,11018.90039
16/07/2018,10936.84961
17/07/2018,11008.04981
18/07/2018,10980.4502
19/07/2018,10957.09961
20/07/2018,11010.2002
23/07/2018,11084.75
24/07/2018,11134.29981
25/07/2018,11132
26/07/2018,11167.29981
27/07/2018,11278.34961
30/07/2018,11319.54981
31/07/2018,11356.5
01/08/2018,11346.2002
02/08/2018,11244.7002
03/08/2018,11360.79981
06/08/2018,11387.09961
07/08/2018,11389.4502
08/08/2018,11450
09/08/2018,11470.7002
10/08/2018,11429.5
13/08/2018,11355.75
14/08/2018,11435.09961
16/08/2018,11385.04981
17/08/2018,11470.75
20/08/2018,11551.75
21/08/2018,11570.90039
23/08/2018,11582.75
24/08/2018,11557.09961
27/08/2018,11691.9502
28/08/2018,11738.5
29/08/2018,11691.90039
30/08/2018,11676.79981
31/08/2018,11680.5
03/09/2018,11582.34961
04/09/2018,11520.29981
05/09/2018,11476.9502
06/09/2018,11536.90039
07/09/2018,11589.09961
10/09/2018,11438.09961
11/09/2018,11287.5
12/09/2018,11369.90039
14/09/2018,11515.2002
17/09/2018,11377.75
18/09/2018,11278.90039
19/09/2018,11234.34961
21/09/2018,11143.09961
24/09/2018,10967.40039
25/09/2018,11067.4502
26/09/2018,11053.79981
27/09/2018,10977.54981
28/09/2018,10930.4502
01/10/2018,11008.29981
03/10/2018,10858.25
04/10/2018,10599.25
05/10/2018,10316.4502
08/10/2018,10348.04981
09/10/2018,10301.04981
10/10/2018,10460.09961
11/10/2018,10234.65039
12/10/2018,10472.5
15/10/2018,10512.5
16/10/2018,10584.75
17/10/2018,10453.04981
19/10/2018,10303.54981
22/10/2018,10245.25
23/10/2018,10146.79981
24/10/2018,10224.75
25/10/2018,10124.90039
26/10/2018,10030
29/10/2018,10250.84961
30/10/2018,10198.40039
31/10/2018,10386.59961
01/11/2018,10380.4502
02/11/2018,10553
05/11/2018,10524
06/11/2018,10530
07/11/2018,10598.40039
09/11/2018,10585.2002
12/11/2018,10482.2002
13/11/2018,10582.5
14/11/2018,10576.29981
15/11/2018,10616.7002
16/11/2018,10682.2002
19/11/2018,10763.40039
20/11/2018,10656.2002
21/11/2018,10600.04981
22/11/2018,10526.75
26/11/2018,10628.59961
27/11/2018,10685.59961
28/11/2018,10728.84961
29/11/2018,10858.7002
30/11/2018,10876.75
03/12/2018,10883.75
04/12/2018,10869.5
05/12/2018,10782.90039
06/12/2018,10601.15039
07/12/2018,10693.7002
10/12/2018,10488.4502
11/12/2018,10549.15039
12/12/2018,10737.59961
13/12/2018,10791.54981
14/12/2018,10805.4502
17/12/2018,10888.34961
18/12/2018,10908.7002
19/12/2018,10967.29981
20/12/2018,10951.7002
21/12/2018,10754
24/12/2018,10663.5
26/12/2018,10729.84961
27/12/2018,10779.79981
28/12/2018,10859.90039
31/12/2018,10862.54981
01/01/2019,null
02/01/2019,10792.5
03/01/2019,10672.25
04/01/2019,10727.34961
07/01/2019,10771.79981
08/01/2019,10802.15039
09/01/2019,10855.15039
10/01/2019,10821.59961
11/01/2019,10794.9502
14/01/2019,10737.59961
15/01/2019,10886.79981
16/01/2019,10890.29981
17/01/2019,10905.2002
18/01/2019,10906.9502
21/01/2019,10961.84961
22/01/2019,10922.75
23/01/2019,10831.5
24/01/2019,10849.79981
25/01/2019,10780.54981
28/01/2019,10661.54981
29/01/2019,10652.2002
30/01/2019,10651.79981
31/01/2019,10830.9502
01/02/2019,10893.65039
04/02/2019,10912.25
05/02/2019,10934.34961
06/02/2019,11062.4502
07/02/2019,11069.40039
08/02/2019,10943.59961
11/02/2019,10888.79981
12/02/2019,10831.40039
14/02/2019,10746.04981
15/02/2019,10724.40039
18/02/2019,10640.9502
19/02/2019,10604.34961
20/02/2019,10735.4502
21/02/2019,10789.84961
22/02/2019,10791.65039
25/02/2019,10880.09961
26/02/2019,10835.29981
27/02/2019,10806.65039
28/02/2019,10792.5
01/03/2019,10863.5
05/03/2019,10987.4502
06/03/2019,11053
07/03/2019,11058.2002
08/03/2019,11035.40039
11/03/2019,11168.04981
12/03/2019,11301.2002
13/03/2019,11341.7002
14/03/2019,11343.25
15/03/2019,11426.84961
18/03/2019,11462.2002
19/03/2019,11532.40039
20/03/2019,11521.04981
22/03/2019,11456.90039
25/03/2019,11354.25
26/03/2019,11483.25
27/03/2019,11445.04981
28/03/2019,11570
